{
  "name": "root",
  "total": 38.6124924,
  "count": 1,
  "self": 9.46814239999999,
  "children": [
    {
      "name": "TrainerController.advance",
      "total": 29.14435000000001,
      "count": 442,
      "self": 3.1613255000000464,
      "children": [
        {
          "name": "env_step",
          "total": 12.41124929999996,
          "count": 442,
          "self": 10.967288199999976,
          "children": [
            {
              "name": "SubprocessEnvManager._take_step",
              "total": 1.4392770999999929,
              "count": 442,
              "self": 0.012337299999954254,
              "children": [
                {
                  "name": "PPOPolicy.evaluate",
                  "total": 1.4269398000000386,
                  "count": 442,
                  "self": 1.4269398000000386
                }
              ]
            },
            {
              "name": "workers",
              "total": 0.004683999999992139,
              "count": 441,
              "self": 0.0,
              "children": [
                {
                  "name": "worker_root",
                  "total": 37.21165620000001,
                  "count": 441,
                  "is_parallel": true,
                  "self": 28.670094800000008,
                  "children": [
                    {
                      "name": "BrainInfo.process_pixels",
                      "total": 0.013180999999999443,
                      "count": 10,
                      "is_parallel": true,
                      "self": 0.0009082000000013579,
                      "children": [
                        {
                          "name": "image_decompress",
                          "total": 0.012272799999998085,
                          "count": 10,
                          "is_parallel": true,
                          "self": 0.012272799999998085
                        }
                      ]
                    },
                    {
                      "name": "UnityEnvironment.step",
                      "total": 8.528380400000001,
                      "count": 441,
                      "is_parallel": true,
                      "self": 0.4974866999999321,
                      "children": [
                        {
                          "name": "UnityEnvironment._generate_step_input",
                          "total": 0.03969809999996343,
                          "count": 441,
                          "is_parallel": true,
                          "self": 0.03969809999996343
                        },
                        {
                          "name": "communicator.exchange",
                          "total": 6.957853299999972,
                          "count": 441,
                          "is_parallel": true,
                          "self": 6.957853299999972
                        },
                        {
                          "name": "BrainInfo.process_pixels",
                          "total": 1.0333423000001343,
                          "count": 4410,
                          "is_parallel": true,
                          "self": 0.33780300000025854,
                          "children": [
                            {
                              "name": "image_decompress",
                              "total": 0.6955392999998757,
                              "count": 4410,
                              "is_parallel": true,
                              "self": 0.6955392999998757
                            }
                          ]
                        }
                      ]
                    }
                  ]
                }
              ]
            }
          ]
        },
        {
          "name": "update_policy",
          "total": 13.571775200000001,
          "count": 1,
          "self": 0.10855529999998836,
          "children": [
            {
              "name": "PPOPolicy.update",
              "total": 13.463219900000013,
              "count": 36,
              "self": 13.463219900000013
            }
          ]
        }
      ]
    }
  ]
}