{"count":1,"self":619.40346879999993,"total":13863.5321768,"children":{"AgentResetIfDone":{"count":1298959,"self":17.16584,"total":17.165839599999998,"children":null},"AgentSendState":{"count":1298959,"self":28.9511072,"total":55.901890099999996,"children":{"CollectObservations":{"count":12989590,"self":26.950784,"total":26.9507844,"children":null}}},"DecideAction":{"count":1298959,"self":12332.5308928,"total":13035.948645299999,"children":{"AgentInfo.ToProto":{"count":1298959,"self":320.7757312,"total":703.41760979999992,"children":{"RayPerceptionSensor.Perceive":{"count":11690631,"self":382.6418688,"total":382.6418809,"children":null}}}}},"AcademyStep":{"count":1298959,"self":1.777456,"total":1.777456,"children":null},"AgentAct":{"count":1298959,"self":133.3328896,"total":133.3328884,"children":null}}}