{"count":1,"self":33.2952064,"total":129.3396182,"children":{"AgentResetIfDone":{"count":1362,"self":0.0039884,"total":0.0039884,"children":null},"AgentSendState":{"count":1362,"self":0.0080197999999999988,"total":0.0160077,"children":{"CollectObservations":{"count":13620,"self":0.0079879,"total":0.0079879,"children":null}}},"DecideAction":{"count":1362,"self":95.53079679999999,"total":95.956559,"children":{"AgentInfo.ToProto":{"count":1362,"self":0.2962356,"total":0.4257623,"children":{"RayPerceptionSensor.Perceive":{"count":13620,"self":0.1295267,"total":0.1295267,"children":null}}}}},"AcademyStep":{"count":1362,"self":0.00099779999999999986,"total":0.00099779999999999986,"children":null},"AgentAct":{"count":1362,"self":0.065861599999999992,"total":0.065861599999999992,"children":null}}}