{"count":1,"self":7.6572559999999994,"total":444.22827379999995,"children":{"AgentResetIfDone":{"count":18084,"self":0.0869229,"total":0.0869229,"children":null},"AgentSendState":{"count":18084,"self":0.3881918,"total":0.603243,"children":{"CollectObservations":{"count":180840,"self":0.2150512,"total":0.2150512,"children":null}}},"DecideAction":{"count":18084,"self":428.48225279999997,"total":435.0055716,"children":{"AgentInfo.ToProto":{"count":18084,"self":3.9625112,"total":6.5233189,"children":{"RayPerceptionSensor.Perceive":{"count":180840,"self":2.5608076,"total":2.5608077,"children":null}}}}},"AcademyStep":{"count":18084,"self":0.0169576,"total":0.0169576,"children":null},"AgentAct":{"count":18084,"self":0.8573257,"total":0.8573257,"children":null}}}