{"count":1,"self":0.7207931,"total":13.5531194,"children":{"AgentResetIfDone":{"count":1126,"self":0.0648668,"total":0.0648668,"children":null},"AgentSendState":{"count":1126,"self":0.0155258,"total":0.034435799999999996,"children":{"CollectObservations":{"count":11260,"self":0.01891,"total":0.01891,"children":null}}},"DecideAction":{"count":1126,"self":11.9202256,"total":12.629282,"children":{"AgentInfo.ToProto":{"count":1126,"self":0.38789389999999996,"total":0.7090563,"children":{"RayPerceptionSensor.Perceive":{"count":11260,"self":0.32116239999999996,"total":0.32116239999999996,"children":null}}}}},"AcademyStep":{"count":1126,"self":0.0019939,"total":0.0019939,"children":null},"AgentAct":{"count":1126,"self":0.1007737,"total":0.1007737,"children":null}}}