{"count":1,"self":204.16103679999998,"total":10641.459336599999,"children":{"AgentResetIfDone":{"count":480117,"self":2.7265295999999997,"total":2.7265295,"children":null},"AgentSendState":{"count":480117,"self":10.4263984,"total":15.927445899999999,"children":{"CollectObservations":{"count":4801170,"self":5.5010476,"total":5.5010474999999994,"children":null}}},"DecideAction":{"count":480117,"self":10222.493696,"total":10394.9782975,"children":{"AgentInfo.ToProto":{"count":480117,"self":97.6096,"total":172.48489429999998,"children":{"RayPerceptionSensor.Perceive":{"count":4801170,"self":74.875295999999992,"total":74.8752974,"children":null}}}}},"AcademyStep":{"count":480117,"self":0.6756825,"total":0.6756825,"children":null},"AgentAct":{"count":480117,"self":22.9893456,"total":22.9893462,"children":null}}}