{"count":1,"self":0.8228571,"total":0.86953439999999993,"children":{"AgentResetIfDone":{"count":184,"self":0.015957799999999998,"total":0.015957799999999998,"children":null},"AgentSendState":{"count":184,"self":0.0059835,"total":0.0178557,"children":{"CollectObservations":{"count":1840,"self":0.0118722,"total":0.0118722,"children":null}}},"DecideAction":{"count":184,"self":0.0029489,"total":0.0029489,"children":null},"AcademyStep":{"count":184,"self":0.0019955999999999997,"total":0.0019955999999999997,"children":null},"AgentAct":{"count":184,"self":0.0069218,"total":0.0069218,"children":null}}}