{"count":1,"self":27.246163199999998,"total":27.590759,"children":{"AgentResetIfDone":{"count":1278,"self":0.06396,"total":0.06396,"children":null},"AgentSendState":{"count":1278,"self":0.08101499999999999,"total":0.11391499999999999,"children":{"CollectObservations":{"count":1278,"self":0.0329,"total":0.0329,"children":null}}},"DecideAction":{"count":1278,"self":0.042064,"total":0.042064,"children":null},"AcademyStep":{"count":1278,"self":0.031111,"total":0.031111,"children":null},"AgentAct":{"count":1278,"self":0.091863,"total":0.091863,"children":null}}}