{"count":1,"self":145.022784,"total":21599.483998199998,"children":{"AgentResetIfDone":{"count":31609,"self":0.4365398,"total":0.4365398,"children":null},"AgentSendState":{"count":31609,"self":1.8916174,"total":2.6140692999999997,"children":{"CollectObservations":{"count":158045,"self":0.72245189999999992,"total":0.72245189999999992,"children":null}}},"DecideAction":{"count":31609,"self":21192.245248,"total":21449.3700783,"children":{"AgentInfo.ToProto":{"count":31609,"self":9.9158952,"total":257.1246668,"children":{"RenderTexSensor.GetCompressedObservation":{"count":158045,"self":242.2130688,"total":242.2130593,"children":null},"RayPerceptionSensor.Perceive":{"count":158045,"self":4.995712,"total":4.9957122,"children":null}}}}},"AcademyStep":{"count":31609,"self":0.14169299999999999,"total":0.14169299999999999,"children":null},"AgentAct":{"count":31609,"self":1.89784,"total":1.89784,"children":null}}}