{"count":1,"self":1.8427951999999999,"total":8.608146399999999,"children":{"AgentResetIfDone":{"count":3126,"self":0.0319244,"total":0.0319244,"children":null},"AgentSendState":{"count":3126,"self":0.1983016,"total":0.3526647,"children":{"CollectObservations":{"count":31260,"self":0.1543631,"total":0.1543631,"children":null}}},"DecideAction":{"count":3126,"self":5.9324428,"total":6.0944382,"children":{"RayPerceptionSensor.Perceive":{"count":3126,"self":0.1619955,"total":0.1619955,"children":null}}},"AcademyStep":{"count":3126,"self":0.0100442,"total":0.0100442,"children":null},"AgentAct":{"count":3126,"self":0.27528169999999996,"total":0.27528169999999996,"children":null}}}