{"count":1,"self":7.4983591999999994,"total":14.006977,"children":{"AgentResetIfDone":{"count":4751,"self":0.15037799999999998,"total":0.15037799999999998,"children":null},"AgentSendState":{"count":4751,"self":2.8796779999999997,"total":5.5036499999999995,"children":{"CollectObservations":{"count":118775,"self":2.6239719999999997,"total":2.6239719999999997,"children":null}}},"DecideAction":{"count":4751,"self":0.197267,"total":0.197267,"children":null},"AcademyStep":{"count":4751,"self":0.105372,"total":0.105372,"children":null},"AgentAct":{"count":4751,"self":0.550366,"total":0.550366,"children":null}}}