{"count":1,"self":33.70496,"total":33.7738351,"children":{"AgentResetIfDone":{"count":376,"self":0.004986,"total":0.004986,"children":null},"AgentSendState":{"count":376,"self":0.0219421,"total":0.0358828,"children":{"CollectObservations":{"count":3760,"self":0.013940699999999999,"total":0.013940699999999999,"children":null}}},"DecideAction":{"count":376,"self":0.00099819999999999987,"total":0.00099819999999999987,"children":null},"AcademyStep":{"count":376,"self":0,"total":0,"children":null},"AgentAct":{"count":376,"self":0.0259864,"total":0.0259864,"children":null}}}