{"count":1,"self":37.8564352,"total":38.0763428,"children":{"AgentResetIfDone":{"count":5901,"self":0.033806699999999995,"total":0.033806699999999995,"children":null},"AgentSendState":{"count":5901,"self":0.0518203,"total":0.0776625,"children":{"CollectObservations":{"count":5901,"self":0.0258422,"total":0.0258422,"children":null}}},"DecideAction":{"count":5901,"self":0.030832199999999997,"total":0.030832199999999997,"children":null},"AcademyStep":{"count":5901,"self":0.015912199999999998,"total":0.015912199999999998,"children":null},"AgentAct":{"count":5901,"self":0.060672199999999996,"total":0.060672199999999996,"children":null}}}