{"count":1,"self":26.373528,"total":1635.6196071,"children":{"AgentResetIfDone":{"count":14876,"self":0.2007057,"total":0.2007057,"children":null},"AgentSendState":{"count":14876,"self":2.5456787999999997,"total":3.7085437,"children":{"CollectObservations":{"count":223140,"self":1.162865,"total":1.162865,"children":null}}},"DecideAction":{"count":14876,"self":1386.8636159999999,"total":1603.6858261,"children":{"AgentInfo.ToProto":{"count":14876,"self":21.813223999999998,"total":216.8221611,"children":{"RenderTexSensor.GetCompressedObservation":{"count":223140,"self":187.43759359999999,"total":187.43759559999998,"children":null},"RayPerceptionSensor.Perceive":{"count":223140,"self":7.5713408,"total":7.5713411,"children":null}}}}},"AcademyStep":{"count":14876,"self":0.0720314,"total":0.0720314,"children":null},"AgentAct":{"count":14876,"self":1.5779784,"total":1.5779784,"children":null}}}